{"cameraMode":{"drawMode":0,"name":"Shaded","section":"Shading Mode"},"sceneLighting":true,"audioPlay":false,"sceneViewState":{"showFog":true,"showMaterialUpdate":true,"showSkybox":true,"showFlares":true,"showImageEffects":true,"showParticleSystems":true},"in2DMode":false,"pivot":{"x":791.01611328125,"y":-691.097412109375,"z":161.926025390625},"rotation":{"x":-0.06626475602388382,"y":-0.007825574837625027,"z":0.0009507589275017381,"w":-0.9978940486907959},"size":973.2215576171875,"orthographic":false}