{"cameraMode":{"drawMode":0,"name":"Shaded","section":"Shading Mode"},"sceneLighting":true,"audioPlay":false,"sceneViewState":{"showFog":true,"showMaterialUpdate":true,"showSkybox":true,"showFlares":true,"showImageEffects":false,"showParticleSystems":true},"in2DMode":false,"pivot":{"x":-1.643002986907959,"y":2.73099422454834,"z":1.6401195526123047},"rotation":{"x":-0.2156125009059906,"y":0.20390044152736665,"z":-0.046090252697467807,"w":-0.9538436532020569},"size":10.920249938964844,"orthographic":false}