{"cameraMode":{"drawMode":0,"name":"Shaded","section":"Shading Mode"},"sceneLighting":true,"audioPlay":false,"sceneViewState":{"showFog":true,"showMaterialUpdate":true,"showSkybox":true,"showFlares":true,"showImageEffects":true,"showParticleSystems":true},"in2DMode":false,"pivot":{"x":881.2161254882813,"y":804.8455810546875,"z":-13.0400390625},"rotation":{"x":-0.0272966455668211,"y":-0.019852498546242715,"z":0.0009730368619784713,"w":-0.9995543956756592},"size":1110.2381591796875,"orthographic":false}